"lead_id","business_name","city","state","niche","email","source","observed_evidence","experiment_arm","qualification_status","contact_status","date_added","draft_subject","draft_body","source_checked_at","source_check_result"
"axis-20260929-001","Blue Window Cleaning","Tacoma","WA","window_cleaning","chad@bluewindowcleaning.com","https://bluewindowcleaning.com/","Owner-operated Tacoma window, gutter, and pressure-washing services; public business email verified on site","STAN","PUBLIC_EMAIL_PAGE_VERIFIED","SENT_CONFIRMED","2026-09-29","Chad, where could AI help most?","Question-first AI workflow discovery message; individualized to verified Tacoma window, gutter, and pressure-washing services. Booking link and STOP line included. Owner-approved postal footer inserted from private Gmail configuration at send time; not stored in public repository.","2026-10-08T07:00:10-07:00","SENT confirmed in Axis Gmail. Message ID 1a11bd07d5e2f86c; thread ID 1a11bd07d5e2f86c; hypothesis CL-004; delivery beyond Gmail acceptance remains unknown."
"axis-20260929-002","Anton Pro Wash","Tacoma","WA","pressure_washing","antonprowash@gmail.com","https://antonprowash.com/","Offers free estimates","CUSTOMER_SERVICE","QUARANTINED_SOURCE_MISMATCH","BLOCKED_SOURCE_MISMATCH","2026-09-29","Question about inquiry follow-up","Hi — Bradley here with Axis. I saw that Anton Pro Wash offers pressure washing services in Tacoma. How are you handling inquiries that don't turn into a booking right away? Axis helps local businesses with inquiry follow-up and booking workflows. If a quick call is easier: https://cal.com/bradley-dennis-ddfihy/15min?overlayCalendar=true
Bradley | Axis
Business advertisement
[INSERT OWNER-APPROVED ADDRESS FROM outreach/sender-config.json PRIVATE GMAIL REFERENCE — DO NOT SEND PLACEHOLDER]
Reply STOP to unsubscribe.","2026-09-29T23:30:00-07:00","antonprowash.com redirected to blueridgefloristva.com displaying unrelated gambling content; original contact association unverified. Do not send until independently resolved."
"axis-20260929-003","Epic Industrial","Tacoma","WA","equipment_service","sales@epic-industrial.com","https://www.epic-industrial.com/contact-us","Tacoma pressure-washing equipment sales and service; public email verified on contact page","BRIDGE","PUBLIC_EMAIL_PAGE_VERIFIED","SENT_CONFIRMED","2026-09-29","Where could AI help Epic’s workflow?","Question-first AI workflow discovery message individualized to verified Tacoma equipment sales and service. Booking link and STOP line included. Owner-approved postal footer inserted at send time; not stored in public repository.","2026-10-08T12:03:00-07:00","SENT confirmed in Axis Gmail. Message ID 1a11ce727f93f63b; thread ID 1a11ce727f93f63b; hypothesis CL-004; delivery beyond Gmail acceptance remains unknown."
"axis-20260929-004","Superior Roof Cleaning & Construction","Puyallup","WA","roof_cleaning","superiorroofcleaning.constr@gmail.com","https://www.superiorroofcleaningandconstruction.com/","Puyallup soft washing, concrete work, and estimate requests; public email verified on site","STAN","PUBLIC_EMAIL_PAGE_VERIFIED","SENT_CONFIRMED","2026-09-29","What would you automate at Superior?","Question-first AI workflow discovery message individualized to verified Puyallup soft washing, concrete work, and estimate flow. Booking link and STOP line included. Owner-approved postal footer inserted at send time; not stored in public repository.","2026-10-08T12:04:00-07:00","SENT confirmed in Axis Gmail. Message ID 1a11ce7f22c184e4; thread ID 1a11ce7f22c184e4; hypothesis CL-004; delivery beyond Gmail acceptance remains unknown."
"axis-20260929-005","Pure Wash Pro","Tacoma","WA","pressure_washing","hector@purewashpro.net","https://purewashpro.squarespace.com/","Offers house roof and fleet washing","CUSTOMER_SERVICE","PUBLIC_EMAIL_PAGE_VERIFIED","PENDING_SENTINEL_PREFLIGHT","2026-09-29","Question about inquiry follow-up","Hi — Bradley here with Axis. I saw that Pure Wash Pro offers pressure washing services in Tacoma. How are you handling inquiries that don't turn into a booking right away? Axis helps local businesses with inquiry follow-up and booking workflows. If a quick call is easier: https://cal.com/bradley-dennis-ddfihy/15min?overlayCalendar=true
Bradley | Axis
Business advertisement
[INSERT OWNER-APPROVED ADDRESS FROM outreach/sender-config.json PRIVATE GMAIL REFERENCE — DO NOT SEND PLACEHOLDER]
Reply STOP to unsubscribe.","2026-09-29T23:30:00-07:00","Public business email confirmed in retrieved business webpage; inbox deliverability and ownership not independently verified."
"axis-20260929-006","Ezequiel's Landscaping","Phoenix","AZ","landscaping","ezequielslandscapingllc@gmail.com","https://www.ezequielslandscapingphx.com/contact","Family owned; call/email free quotes","BRIDGE","PUBLIC_EMAIL_PAGE_VERIFIED","PENDING_SENTINEL_PREFLIGHT","2026-09-29","Question about inquiry follow-up","Hi — Bradley here with Axis. I saw that Ezequiel's Landscaping offers landscaping services in Phoenix. How are you handling inquiries that don't turn into a booking right away? Axis helps local businesses with inquiry follow-up and booking workflows. If a quick call is easier: https://cal.com/bradley-dennis-ddfihy/15min?overlayCalendar=true
Bradley | Axis
Business advertisement
[INSERT OWNER-APPROVED ADDRESS FROM outreach/sender-config.json PRIVATE GMAIL REFERENCE — DO NOT SEND PLACEHOLDER]
Reply STOP to unsubscribe.","2026-09-29T23:30:00-07:00","Public business email confirmed in retrieved business webpage; inbox deliverability and ownership not independently verified."
"axis-20260929-007","Olive Tree Landscape Services","Phoenix","AZ","landscaping","mr5674830@gmail.com","https://www.olivetreelanscapeservices.com/","Offers free consultation","STAN","PUBLIC_EMAIL_PAGE_VERIFIED","PENDING_SENTINEL_PREFLIGHT","2026-09-29","Question about inquiry follow-up","Hi — Bradley here with Axis. I saw that Olive Tree Landscape Services offers landscaping services in Phoenix. How are you handling inquiries that don't turn into a booking right away? Axis helps local businesses with inquiry follow-up and booking workflows. If a quick call is easier: https://cal.com/bradley-dennis-ddfihy/15min?overlayCalendar=true
Bradley | Axis
Business advertisement
[INSERT OWNER-APPROVED ADDRESS FROM outreach/sender-config.json PRIVATE GMAIL REFERENCE — DO NOT SEND PLACEHOLDER]
Reply STOP to unsubscribe.","2026-09-29T23:30:00-07:00","Public business email confirmed in retrieved business webpage; inbox deliverability and ownership not independently verified."
"axis-20260929-008","Diamond Cut Landscape","Phoenix","AZ","landscaping","diamondcutaz@gmail.com","https://diamondcutaz.com/contact","Call email and form inquiry options","CUSTOMER_SERVICE","PUBLIC_EMAIL_PAGE_VERIFIED","PENDING_SENTINEL_PREFLIGHT","2026-09-29","Question about inquiry follow-up","Hi — Bradley here with Axis. I saw that Diamond Cut Landscape offers landscaping services in Phoenix. How are you handling inquiries that don't turn into a booking right away? Axis helps local businesses with inquiry follow-up and booking workflows. If a quick call is easier: https://cal.com/bradley-dennis-ddfihy/15min?overlayCalendar=true
Bradley | Axis
Business advertisement
[INSERT OWNER-APPROVED ADDRESS FROM outreach/sender-config.json PRIVATE GMAIL REFERENCE — DO NOT SEND PLACEHOLDER]
Reply STOP to unsubscribe.","2026-09-29T23:30:00-07:00","Public business email confirmed in retrieved business webpage; inbox deliverability and ownership not independently verified."
"axis-20260929-009","AZ New Leaf Landscaping","Phoenix","AZ","landscaping","aznewleaflandscaping@gmail.com","https://www.aznewleaf.com/","Offers landscape services and contact form","BRIDGE","PUBLIC_EMAIL_PAGE_VERIFIED","PENDING_SENTINEL_PREFLIGHT","2026-09-29","Question about inquiry follow-up","Hi — Bradley here with Axis. I saw that AZ New Leaf Landscaping offers landscaping services in Phoenix. How are you handling inquiries that don't turn into a booking right away? Axis helps local businesses with inquiry follow-up and booking workflows. If a quick call is easier: https://cal.com/bradley-dennis-ddfihy/15min?overlayCalendar=true
Bradley | Axis
Business advertisement
[INSERT OWNER-APPROVED ADDRESS FROM outreach/sender-config.json PRIVATE GMAIL REFERENCE — DO NOT SEND PLACEHOLDER]
Reply STOP to unsubscribe.","2026-09-29T23:30:00-07:00","Public business email confirmed in retrieved business webpage; inbox deliverability and ownership not independently verified."
"axis-20260929-010","ZTA Landscape","Phoenix","AZ","landscaping","ztalandscape@gmail.com","https://www.ztalandscape.com/contact","Offers free no obligation quote","STAN","PUBLIC_EMAIL_PAGE_VERIFIED","PENDING_SENTINEL_PREFLIGHT","2026-09-29","Question about inquiry follow-up","Hi — Bradley here with Axis. I saw that ZTA Landscape offers landscaping services in Phoenix. How are you handling inquiries that don't turn into a booking right away? Axis helps local businesses with inquiry follow-up and booking workflows. If a quick call is easier: https://cal.com/bradley-dennis-ddfihy/15min?overlayCalendar=true
Bradley | Axis
Business advertisement
[INSERT OWNER-APPROVED ADDRESS FROM outreach/sender-config.json PRIVATE GMAIL REFERENCE — DO NOT SEND PLACEHOLDER]
Reply STOP to unsubscribe.","2026-09-29T23:30:00-07:00","Public business email confirmed in retrieved business webpage; inbox deliverability and ownership not independently verified."
"axis-20260929-011","Desert Sage Landscape","Phoenix","AZ","landscaping","desertsagelandscaping@gmail.com","https://desertsagelandscape.com/contact/","Landscape and hardscape inquiry contact","CUSTOMER_SERVICE","SOURCE_RECHECK_REQUIRED","PENDING_SENTINEL_PREFLIGHT","2026-09-29","Question about inquiry follow-up","Hi — Bradley here with Axis. I saw that Desert Sage Landscape offers landscaping services in Phoenix. How are you handling inquiries that don't turn into a booking right away? Axis helps local businesses with inquiry follow-up and booking workflows. If a quick call is easier: https://cal.com/bradley-dennis-ddfihy/15min?overlayCalendar=true
Bradley | Axis
Business advertisement
[INSERT OWNER-APPROVED ADDRESS FROM outreach/sender-config.json PRIVATE GMAIL REFERENCE — DO NOT SEND PLACEHOLDER]
Reply STOP to unsubscribe.","2026-09-29T23:30:00-07:00","Contact page returned no extractable content; earlier search evidence retained, not upgraded."
"axis-20260929-012","Nature Formed Landscaping","Phoenix","AZ","landscaping","natureformedco@gmail.com","https://www.natureformedlandscaping.com/contact","Offers landscape consultations","BRIDGE","PUBLIC_EMAIL_PAGE_VERIFIED","PENDING_SENTINEL_PREFLIGHT","2026-09-29","Question about inquiry follow-up","Hi — Bradley here with Axis. I saw that Nature Formed Landscaping offers landscaping services in Phoenix. How are you handling inquiries that don't turn into a booking right away? Axis helps local businesses with inquiry follow-up and booking workflows. If a quick call is easier: https://cal.com/bradley-dennis-ddfihy/15min?overlayCalendar=true
Bradley | Axis
Business advertisement
[INSERT OWNER-APPROVED ADDRESS FROM outreach/sender-config.json PRIVATE GMAIL REFERENCE — DO NOT SEND PLACEHOLDER]
Reply STOP to unsubscribe.","2026-09-29T23:30:00-07:00","Public business email confirmed in retrieved business webpage; inbox deliverability and ownership not independently verified."
"axis-20260929-013","Castillo Landscape","Phoenix","AZ","landscaping","castillolandscap@gmail.com","https://castillo-landscape.com/","Serves Phoenix and surrounding areas","STAN","PUBLIC_EMAIL_PAGE_VERIFIED","PENDING_SENTINEL_PREFLIGHT","2026-09-29","Question about inquiry follow-up","Hi — Bradley here with Axis. I saw that Castillo Landscape offers landscaping services in Phoenix. How are you handling inquiries that don't turn into a booking right away? Axis helps local businesses with inquiry follow-up and booking workflows. If a quick call is easier: https://cal.com/bradley-dennis-ddfihy/15min?overlayCalendar=true
Bradley | Axis
Business advertisement
[INSERT OWNER-APPROVED ADDRESS FROM outreach/sender-config.json PRIVATE GMAIL REFERENCE — DO NOT SEND PLACEHOLDER]
Reply STOP to unsubscribe.","2026-09-29T23:30:00-07:00","Public business email confirmed in retrieved business webpage; inbox deliverability and ownership not independently verified."
"axis-20260929-014","Carbajal Art Landscaping","Phoenix","AZ","landscaping","carbajalart78@gmail.com","https://carbajalart.com/","Offers landscape design with contact email","CUSTOMER_SERVICE","SOURCE_RECHECK_REQUIRED","PENDING_SENTINEL_PREFLIGHT","2026-09-29","Question about inquiry follow-up","Hi — Bradley here with Axis. I saw that Carbajal Art Landscaping offers landscaping services in Phoenix. How are you handling inquiries that don't turn into a booking right away? Axis helps local businesses with inquiry follow-up and booking workflows. If a quick call is easier: https://cal.com/bradley-dennis-ddfihy/15min?overlayCalendar=true
Bradley | Axis
Business advertisement
[INSERT OWNER-APPROVED ADDRESS FROM outreach/sender-config.json PRIVATE GMAIL REFERENCE — DO NOT SEND PLACEHOLDER]
Reply STOP to unsubscribe.","2026-09-29T23:30:00-07:00","Direct source fetch failed; earlier search evidence retained, not upgraded."
"axis-20260929-015","Northwest Water Remediation","Auburn","WA","cleaning","nwwaterremediation@gmail.com","https://www.northwestwaterremediationcarpetcleaning.com/services/pressure-washing","Offers pressure washing","BRIDGE","PUBLIC_EMAIL_PAGE_VERIFIED","PENDING_SENTINEL_PREFLIGHT","2026-09-29","Question about inquiry follow-up","Hi — Bradley here with Axis. I saw that Northwest Water Remediation offers cleaning services in Auburn. How are you handling inquiries that don't turn into a booking right away? Axis helps local businesses with inquiry follow-up and booking workflows. If a quick call is easier: https://cal.com/bradley-dennis-ddfihy/15min?overlayCalendar=true
Bradley | Axis
Business advertisement
[INSERT OWNER-APPROVED ADDRESS FROM outreach/sender-config.json PRIVATE GMAIL REFERENCE — DO NOT SEND PLACEHOLDER]
Reply STOP to unsubscribe.","2026-09-29T23:30:00-07:00","Public business email confirmed in retrieved business webpage; inbox deliverability and ownership not independently verified."
