suppression_id,scope,value,business_name,reason,status,added_at,source,notes
sup-20261007-primetouch-email,email,admin@primetouchauto.com,PrimeTouch Auto,HARD_BOUNCE,ACTIVE_NO_RETRY,2026-10-07,"Gmail delivery failure and owner directive","Do not retry while suppressed; existing Gmail draft is unsent."
sup-20261003-infoton-domain,domain,infoton.ai,Infoton,OWNER_EXCLUSION,ACTIVE_NO_AUTO_CONTACT,2026-10-03,"Owner directive","Infoton watch inactive; no automatic prospect email."
sup-20261003-january-email,email,january@infoton.ai,Infoton,OWNER_EXCLUSION,ACTIVE_NO_AUTO_CONTACT,2026-10-03,"Owner directive","Never automatically email January; owner approval required."
sup-20261008-derouin-email,email,joe@derouinconcrete.com,Derouin Concrete,HARD_BOUNCE,ACTIVE_NO_RETRY,2026-10-08,"Gmail delivery failure 1a11d2052ccfa736","Remote server 550: No mailbox by that name; message 1a11d203be8cf702. Do not retry."
sup-20261008-qualityconcrete-email,email,contact@qualityconcretenw.com,Quality Concrete,DNS_FAILURE,ACTIVE_NO_RETRY,2026-10-08,"Gmail delivery failure 1a11d205b8d2c8bf","Domain not found; message 1a11d205624a8ca1. Do not retry."
sup-20261008-qualityconcrete-domain,domain,qualityconcretenw.com,Quality Concrete,DNS_FAILURE,ACTIVE_NO_RETRY,2026-10-08,"Gmail delivery failure 1a11d205b8d2c8bf","Suppress all identities on unresolved domain until independently restored and reviewed."
sup-20261008-edmonds-email,email,mark@edmondsgaragedoorco.com,Edmonds Garage Door Co.,OPT_OUT_STOP,ACTIVE_NO_CONTACT,2026-10-08,"Gmail STOP reply 1a11d237f7e2d220","Contacted identity opted out. No sales reply; suppress across future outreach."
sup-20261008-edmonds-domain,domain,edmondsgaragedoorco.com,Edmonds Garage Door Co.,OPT_OUT_STOP,ACTIVE_NO_CONTACT,2026-10-08,"Gmail STOP reply 1a11d237f7e2d220","Business-level suppression across identities."
sup-20261008-coles-email,email,office@colesappliance.net,Cole's Appliance Repair,OPT_OUT_STOP,ACTIVE_NO_CONTACT,2026-10-08,"Gmail STOP reply 1a11d49cb3204795","Contacted identity opted out. No sales reply; suppress across future outreach."
sup-20261008-coles-domain,domain,colesappliance.net,Cole's Appliance Repair,OPT_OUT_STOP,ACTIVE_NO_CONTACT,2026-10-08,"Gmail STOP reply 1a11d49cb3204795","Business-level suppression across identities."
sup-20260917-precisionpro-email,email,ppwtacoma@gmail.com,Precision Pro Wash,OPT_OUT_REMOVE_ME,ACTIVE_NO_CONTACT,2026-09-17,"Gmail DNC message 1a0b05b271b394bb","Requested removal from mailing list; no automatic re-contact."
sup-20260917-precisionpro-business,business,precision-pro-wash,Precision Pro Wash,OPT_OUT_REMOVE_ME,ACTIVE_NO_CONTACT,2026-09-17,"Gmail DNC thread 1a0b038d662c6ca7","Business-level suppression across known and future identities; Gmail provider domain is not globally suppressed."
