business_name,city,county,website,email,phone,observed_problem_evidence,niche,experiment_arm,qualification_status,contact_status,source,date_added
Galaxy Garage Doors,Seattle,King,https://www.galaxydoorswa.com/,galaxymarketingwa@gmail.com,(206) 550-5213,"100% locally owned; quote flow asks prospects to submit issue details and promises same-day service, creating an opportunity for automated quote and missed-call follow-up.",independent garage-door repair/installation,STAN,qualified,not_contacted,https://www.galaxydoorswa.com/,2026-09-20
Preston Doors & Gates LLC,Preston,King,https://www.prestondoors.com/,office@prestondoors.com,425-526-9201,"Locally owned; booking is driven through phone/request-a-bid paths, creating an opportunity for automated inquiry follow-up.",independent garage-door repair/installation,CUSTOMER_SERVICE,qualified,not_contacted,https://www.prestondoors.com/,2026-09-20
Evergreen Garage Door Inc,Auburn,King,https://www.evergreengaragedoorswa.com/,evergreengdoors@gmail.com,(253) 335-6506,"Family-owned residential garage-door company using request-service and phone estimate paths; opportunity to automate inquiry follow-up.",independent garage-door repair/installation,BRIDGE,qualified,not_contacted,https://www.evergreengaragedoorswa.com/,2026-09-20
Edmonds Garage Door Co,Edmonds,Snohomish,https://www.edmondsgaragedoorco.com/,mark@edmondsgaragedoorco.com,(425) 321-1978,"Locally owned by Edmonds residents; call/text/email intake and same-day service create a missed-call and follow-up automation opportunity.",independent garage-door repair/installation,STAN,qualified,not_contacted,https://www.edmondsgaragedoorco.com/contact,2026-09-20
Heston Door Service,Monroe,Snohomish,https://hestondoorservice.com/,INFO@HESTONDOORSERVICE.COM,(206) 550-3853,"Public contact path exposes direct phone/email for repair and installation; opportunity to automate inquiry capture and follow-up.",independent garage-door repair/installation,CUSTOMER_SERVICE,qualified,not_contacted,https://hestondoorservice.com/,2026-09-20
CHS Garage Door Repair of Seattle,Seattle,King,https://chsgaragerepair.com/,,(206) 245-5495,"Family-owned local operator; service-call form promises response within one business hour, creating a measurable response-time automation opportunity.",independent garage-door repair/installation,BRIDGE,qualified,not_contacted,https://chsgaragerepair.com/contact-us/,2026-09-20
Garage Gecko,Spokane,Spokane,,,(509) 236-0229,"Locally owned family-operated garage-door repair and installation company with 24-hour public availability; opportunity for missed-call and lead-response automation.",independent garage-door repair/installation,STAN,qualified,not_contacted,Google business listing,2026-09-20
X-Cut Mobile Detailing,Renton,King,https://www.xcutmobiledetailing.com/,alex@xcutmobiledetailing.com,(425) 287-8502,"Mobile detailer serving King County with online booking plus direct phone/email; opportunity to automate abandoned inquiries and follow-up.",mobile/independent auto detailing,CUSTOMER_SERVICE,qualified,not_contacted,https://www.xcutmobiledetailing.com/blog,2026-09-20
Obsessive Mobile Detailing,Bonney Lake,Pierce,https://obsessivedetailings.com/,Chace@obsessivedetailings.com,(253) 799-1523,"Mobile detailing operator publishes 24-hour availability and direct phone/email; opportunity for automated inquiry qualification and follow-up.",mobile/independent auto detailing,BRIDGE,qualified,not_contacted,https://obsessivedetailings.com/terms-conditions/,2026-09-20
ATW Detailing,Bonney Lake,Pierce,https://atwdetailing.com/,atwcardetailing@gmail.com,(253) 386-7243,"Mobile-only business exposes text, call, booking, calculator, email and form paths; opportunity to consolidate lead capture and automate follow-up.",mobile/independent auto detailing,STAN,qualified,not_contacted,https://atwdetailing.com/contact-us/,2026-09-20
WalshMe Detail,Renton,King,https://www.walshmedetail.com/,info@WalshMeDetail.com,(253) 709-8725,"Local family-run mobile detailing business with direct phone/email intake; opportunity for automated inquiry and missed-call follow-up.",mobile/independent auto detailing,CUSTOMER_SERVICE,qualified,not_contacted,https://goodviser.com/walshme-detail,2026-09-20
Outlaw Junk Removal,Arlington,Snohomish,https://www.outlaw-junkremoval.com/,info@Outlaw-JunkRemoval.Com,(360) 474-3377,"Veteran-owned locally owned operator relies on call/text and photo quoting for fastest response; opportunity to automate quote follow-up.",junk removal/dumpster rental,BRIDGE,qualified,not_contacted,https://www.outlaw-junkremoval.com/,2026-09-20
Hank's Hauling & Junk Removal,Spanaway,Pierce,https://www.hankshauling.com/,Hankshaulingandjunkremoval@gmail.com,253-777-9982,"Family-owned locally operated hauler uses call/text/email intake; opportunity for automated missed-call and quote follow-up.",junk removal/dumpster rental,STAN,qualified,not_contacted,https://www.hankshauling.com/,2026-09-20
Junk B Gone,Seattle,King,,,(206) 722-4285,"Locally owned operator schedules primarily by call/text and offers same-day/emergency service; opportunity for automated missed-call and scheduling follow-up.",junk removal/dumpster rental,CUSTOMER_SERVICE,qualified,not_contacted,https://www.wmfha.org/western-washington-supplier-directory/junk-b-gone,2026-09-20
Seattle Rubbish Removal,Seattle,King,,,(206) 297-2900,"Locally owned junk hauling and dumpster provider with appointment-based service; opportunity to automate inquiry qualification and follow-up.",junk removal/dumpster rental,BRIDGE,qualified,not_contacted,Google business listing,2026-09-20
Legend Junk Removal,Spokane,Spokane,,,(509) 300-3384,"Spokane full-service junk hauling company with public scheduling and urgent-service positioning; opportunity for automated lead response and missed-call recovery.",junk removal/dumpster rental,STAN,qualified,not_contacted,Google business listing,2026-09-20
Grace Pressure Washing,Spokane,Spokane,,,(509) 850-7828,"Locally owned exterior-cleaning operator serving residential and commercial customers; opportunity to automate inquiry capture and follow-up.",pressure washing/exterior cleaning,CUSTOMER_SERVICE,qualified,not_contacted,Google business listing,2026-09-20
Tarzan's Tree Service,Carlsborg,Clallam,https://www.tarzanstreecare.com/,tarzansoffice@gmail.com,360-683-7641,"Owner/arborist publishes direct office, cell and email contacts; opportunity for automated missed-call and estimate follow-up.",tree service/stump grinding,BRIDGE,qualified,not_contacted,https://www.tarzanstreecare.com/contact,2026-09-20
Seattle Tree Care,Seattle,King,,,(206) 809-6159,"Seattle-based arborist service handles complex projects and permitting; public phone intake creates an opportunity for automated inquiry qualification and follow-up.",tree service/stump grinding,STAN,qualified,not_contacted,Google business listing,2026-09-20
